date,customer,manager,field,old,new
2026-10-03,上海怀赢新材料科技有限公司,姜南雪,月均消耗,1684.5,1679.4
2026-10-03,温州艾尔电器科技有限公司,黄芊芊,月均消耗,1632.9,1625.7
2026-10-03,南通百特新材料科技有限公司,段子烽,月均消耗,3475.8,3464.1
2026-10-03,大连阪泰数控刀具有限公司,杨东霖,月均消耗,1240.2,1236.9
2026-10-03,台州市莱恩克警报器有限公司,代佳文,月均消耗,900.6,898.5
2026-10-03,南京芸翔科技有限公司,姜南雪,月均消耗,285.3,285.0
2026-10-03,约塔科技泰州有限公司,朱启银,月均消耗,458.4,457.2
2026-10-03,宁波力洋酒业有限公司,代佳文,月均消耗,7815.0,7739.1
2026-10-03,上海海琛国际贸易有限公司,冯丽钰,月均消耗,1998.0,1991.7
2026-10-03,威海百合生物技术股份有限公司,杨东霖,月均消耗,3206.1,3190.8
2026-10-03,浙江飞亚塑胶有限公司,黄芊芊,月均消耗,2126.1,2116.5
2026-10-03,济南氧帆健康科技有限公司,杨东霖,月均消耗,8823.6,8737.8
2026-10-03,海南爱屋智能科技有限公司,姜南雪,月均消耗,847.5,844.2
2026-10-03,宁波恒剑光电科技有限公司,黄芊芊,月均消耗,1778.1,1770.9
2026-10-03,南通久盛新材料科技有限公司,朱启银,月均消耗,503.4,501.9
2026-10-03,广州金嗓音文化发展有限公司,杨东霖,月均消耗,1054.5,1045.8
2026-10-03,青岛亿瑞德进出口有限公司,杨东霖,月均消耗,176.7,176.4
2026-10-03,科利弗(中山)厨卫有限公司,杨东霖,月均消耗,2805.9,2794.5
2026-10-03,南京爱韵乐器有限公司,段子烽,月均消耗,1961.1,1957.2
2026-10-03,天津健坤工匠机械设备有限公司,杨东霖,月均消耗,2064.0,2059.2
2026-10-03,瑞安市恒拓机械有限公司,代佳文,月均消耗,1066.8,1064.4
2026-10-03,苏州拓恒建筑科技有限公司,姜南雪,月均消耗,2559.9,2544.0
2026-10-03,嘉兴棉芙生物科技有限公司,姜南雪,月均消耗,744.6,738.0
2026-10-03,上海西美工具进出口有限公司,冯丽钰,月均消耗,7094.7,7082.7
2026-10-03,杭州哈宠宠物用品有限公司,黄芊芊,月均消耗,754.2,747.3
2026-10-03,上海焕景国际贸易有限公司,倪志贤,月均消耗,4695.9,4671.6
2026-10-03,上海臣邦医药科技股份有限公司,倪志贤,月均消耗,943.5,937.2
2026-10-03,尼觅实业（上海）有限公司,姜南雪,月均消耗,4318.2,4276.5
2026-10-03,凯仕铁金属科技（江苏）有限公司,段子烽,月均消耗,824.7,822.3
2026-10-03,深圳市沃尔德实业有限公司,杨东霖,月均消耗,882.0,876.0
2026-10-03,杭州坤泰贸易有限公司,黄芊芊,月均消耗,511.5,509.1
2026-10-03,宁波乐得计算机科技有限公司,代佳文,月均消耗,1875.3,1864.8
2026-10-03,青岛瑞高新材料有限公司,杨东霖,月均消耗,1429.2,1420.5
2026-10-03,珠海慕羽生活科技有限公司,杨东霖,月均消耗,2264.1,2257.5
2026-10-03,湖州东沛进出口有限公司,黄芊芊,月均消耗,3761.7,3747.3
2026-10-03,力颖自动化设备（昆山）有限公司,段子烽,月均消耗,508.5,507.3
2026-10-03,上海域驰实业有限公司,倪志贤,月均消耗,900.3,897.3
2026-10-03,金华镔铖展示器材有限公司,代佳文,月均消耗,9783.9,9678.6
2026-10-03,杭州翼菲机器人智能制造有限公司,黄芊芊,月均消耗,1885.5,1881.6
2026-10-03,惠州市先靖智慧科技有限公司,杨东霖,月均消耗,2643.3,2618.7
2026-10-03,徐州贸发外贸进出口公司,段子烽,月均消耗,817.5,815.7
2026-10-03,福建禾川科技有限公司,杨东霖,月均消耗,2090.1,2079.0
2026-10-03,南通明诺电动科技股份有限公司,段子烽,月均消耗,1296.9,1293.0
2026-10-03,青岛瑞高新材料有限公司,杨东霖,月均消耗,2469.0,2453.7
2026-10-03,仲恒智能科技（苏州）有限公司,姜南雪,月均消耗,1174.2,1168.8
2026-10-03,无锡家珵环保制品有限公司,杨东霖,月均消耗,1861.8,1858.2
2026-10-03,枫晴（上海）生物技术有限公司,倪志贤,月均消耗,5693.4,5660.1
2026-10-03,山东顺和新材料科技有限公司,杨东霖,月均消耗,750.3,746.4
2026-10-03,江西康琪实业有限公司,杨东霖,月均消耗,1395.3,1393.2
2026-10-03,上海磐蕙机械设备有限公司,朱启银,月均消耗,750.9,749.1
2026-10-03,小智宠物用品（上海）有限公司,段子烽,月均消耗,11172.3,11007.9
2026-10-03,江西瑛维箱包有限公司,杨东霖,月均消耗,1523.7,1516.5
2026-10-03,温州纳诚新材料科技有限公司,黄芊芊,月均消耗,567.9,566.4
2026-10-03,上海剑和梅工贸有限公司,倪志贤,月均消耗,10019.1,9976.2
2026-10-03,浙江己祥汽车配件有限公司,代佳文,月均消耗,1202.7,1199.7
2026-10-03,浙江弘康胶囊有限公司,代佳文,月均消耗,2586.9,2579.7
2026-10-03,商丘稳泰卷尺有限公司,杨东霖,月均消耗,863.7,861.3
2026-10-03,上海润铂特科技金属科技有限公司,倪志贤,月均消耗,330.3,328.8
2026-10-03,杭州希纳博智能机电科技有限公司,代佳文,月均消耗,3164.1,3123.6
2026-10-03,上海康光进出口有限公司,冯丽钰,月均消耗,902.1,900.3
2026-10-03,Judy,冯丽钰,月均消耗,2634.6,2624.7
2026-10-03,青岛万博新诚装饰材料有限公司,杨东霖,月均消耗,2117.4,2104.8
2026-10-03,上海芳鹏合金材料有限公司,朱启银,月均消耗,5870.4,5844.0
2026-10-03,厦门势拓吉诚科技有限公司,姜南雪,月均消耗,873.0,860.4
2026-10-03,上海卫远医疗器械有限公司,姜南雪,月均消耗,972.0,970.8
2026-10-03,上海正统贸易有限公司,冯丽钰,月均消耗,440.7,440.1
2026-10-03,上海宇昂水性新材料科技股份有限公司,朱启银,月均消耗,1946.1,1941.0
2026-10-03,帆软软件有限公司,朱启银,月均消耗,1360.2,1357.2
2026-10-03,多恩生物科技有限公司,黄芊芊,月均消耗,535.2,534.0
2026-10-03,慈溪恒新管业有限公司,黄芊芊,月均消耗,928.2,924.3
2026-10-03,上海派协包装机械有限公司,朱启银,月均消耗,1143.6,1141.5
2026-10-03,江苏罗铭净化科技有限公司,冯丽钰,月均消耗,3015.3,3001.2
2026-10-03,上海虹迪物流科技有限公司,段子烽,月均消耗,1082.4,1079.7
2026-10-03,上海立乙针织服饰有限公司,姜南雪,月均消耗,250.2,249.0
2026-10-03,苏州华冷冷藏有限公司,段子烽,月均消耗,588.9,588.0
2026-10-03,北京叠加态技术有限公司,杨东霖,月均消耗,1332.6,1329.9
2026-10-03,佛山爱肯工程材料有限公司/拓普森工程材料有限公司/,杨东霖,月均消耗,2479.5,2464.5
2026-10-03,深圳市汇泽美妆用具有限公司,杨东霖,月均消耗,2940.3,2915.7
2026-10-03,捷曼门业（北京）有限公司,杨东霖,月均消耗,1768.8,1764.6
2026-10-03,上海创厚实业有限公司,朱启银,月均消耗,1493.4,1489.5
2026-10-03,郑州泛博新材料有限公司,杨东霖,月均消耗,1440.6,1437.0
2026-10-03,江苏飞扬户外用品有限公司,段子烽,月均消耗,1684.5,1674.6
2026-10-03,广州珈融化学科技有限公司,杨东霖,月均消耗,1210.5,1205.4
2026-10-03,杭州茂拓工具有限公司,黄芊芊,月均消耗,1201.2,1198.2
2026-10-03,宁波健仕制冷科技有限公司,冯丽钰,月均消耗,432.9,431.1
2026-10-03,湖北安友诺汽车科技有限公司,杨东霖,月均消耗,708.6,706.8
2026-10-03,嘉兴富瑞邦新材料科技有限公司,李莉,月均消耗,1180.8,1176.0
2026-10-03,山东双圆密封科技有限公司,杨东霖,月均消耗,1358.1,1355.1
2026-10-03,莱恩克,代佳文,月均消耗,898.5,896.4
2026-10-03,佛山铠尔伦家居用品有限公司,杨东霖,月均消耗,1554.9,1551.3
2026-10-03,上海青景光电科技有限公司,段子烽,月均消耗,957.0,954.6
2026-10-03,上海友拓实业有限公司,姜南雪,月均消耗,5100.9,5075.4
2026-10-03,上海盛晟机械有限公司,冯丽钰,月均消耗,1337.1,1320.0
2026-10-03,上海迎难实业有限公司,朱启银,月均消耗,404.7,404.1
2026-10-03,上海金钕磁铁股份有限公司,冯丽钰,月均消耗,403.8,402.9
2026-10-03,上海聪定电机有限公司,倪志贤,月均消耗,399.0,398.1
2026-10-03,上海可迪玩具有限公司,倪志贤,月均消耗,3528.0,3518.1
2026-10-03,扬州新领域日化有限公司,段子烽,月均消耗,1172.1,1166.4
2026-10-03,江苏吉庆管材集团有限公司,姜南雪,月均消耗,1200.0,1192.8
2026-10-03,绍兴市铁戈钉业有限公司,代佳文,月均消耗,1337.1,1332.9
2026-10-03,上海派协包装机械有限公司,朱启银,月均消耗,1072.8,1070.7
2026-10-03,浙江汇力药业有限公司,黄芊芊,月均消耗,1358.4,1355.7
2026-10-03,上海新路嘉实业股份有限公司,姜南雪,月均消耗,3128.4,3114.0
2026-10-03,浙江灵奇光电科技有限公司,黄芊芊,月均消耗,105.3,105.0
2026-10-03,深圳市旭辉伟业电子科技有限公司,杨东霖,月均消耗,316.5,308.4
2026-10-03,南京合普医疗健康科技有限公司,段子烽,月均消耗,1575.6,1572.3
2026-10-03,兴亚威-大变压器,姜南雪,月均消耗,655.8,654.6
2026-10-03,重庆懒人铝业有限公司,杨东霖,月均消耗,488.4,487.2
2026-10-03,澳斯意环保工程(苏州)有限公司,段子烽,月均消耗,2319.0,2309.1
2026-10-03,东莞市弘旭精密科技有限公司,杨东霖,月均消耗,2704.2,2693.1
2026-10-03,上海光华士科技有限公司,冯丽钰,月均消耗,1349.1,1347.0
2026-10-03,深圳市海展供应链有限公司,杨东霖,月均消耗,2826.3,2809.5
2026-10-03,南通琨然国际贸易有限公司,段子烽,月均消耗,4839.0,4795.8
2026-10-03,绍兴一亚贸易有限公司,黄芊芊,月均消耗,2548.8,2517.6
2026-10-03,上海徽盛实业有限公司,姜南雪,月均消耗,1371.3,1369.2
2026-10-03,保定文芳箱包制造有限公司,杨东霖,月均消耗,444.0,443.1
2026-10-03,上海圣奉机械制造有限公司,倪志贤,月均消耗,1080.6,1078.2
2026-10-03,东莞市祥富运动用品有限公司,杨东霖,月均消耗,2416.2,2410.8
2026-10-03,宁波金长江水处理设备有限公司,朱启银,月均消耗,2586.0,2574.3
2026-10-03,恳盈环保科技（上海）有限公司/凯尔赛普给排水科技（上海...,朱启银,月均消耗,4760.4,4688.1
2026-10-03,浙江德马工业设备有限公司,黄芊芊,月均消耗,2419.5,2409.9
2026-10-03,河北成悦化工有限公司,杨东霖,月均消耗,1447.5,1438.8
2026-10-03,上海灵天电气有限公司,倪志贤,月均消耗,240.6,239.4
2026-10-03,浙江信立达机械科技有限公司,黄芊芊,月均消耗,2331.3,2324.1
2026-10-03,上海莫腾科技有限公司,朱启银,月均消耗,2253.9,2247.0
2026-10-03,海獅機械工業方案有限公司,杨东霖,月均消耗,208.8,208.2
2026-10-03,上海汉世德工贸有限公司,冯丽钰,月均消耗,639.9,637.2
2026-10-03,上海仕义实业有限公司,姜南雪,月均消耗,3156.3,3115.2
2026-10-03,上海哈瓦那实业有限公司,姜南雪,月均消耗,652.2,649.8
2026-10-03,江苏拉格斯彩石金属瓦有限公司,段子烽,月均消耗,3222.6,3207.0
2026-10-03,德州德旭达新材料科技有限公司,杨东霖,月均消耗,931.5,928.5
2026-10-03,上海白金吨实业有限公司(祺瑞),姜南雪,月均消耗,3180.0,3168.3
2026-10-03,上海渤程生物科技有限公司,朱启银,月均消耗,1625.1,1622.4
2026-10-03,上海世越机械设备有限公司,姜南雪,月均消耗,1303.8,1300.8
2026-10-03,上海阜隆流体控制有限公司,朱启银,月均消耗,1935.9,1930.8
2026-10-03,宁波思拓照明有限公司,代佳文,月均消耗,850.5,844.8
2026-10-03,辰力集团有限公司,杨东霖,月均消耗,16150.8,16062.6
2026-10-03,上海金科进出口有限公司,代佳文,月均消耗,1007.7,1005.6
2026-10-03,浙江钯铂锂电器有限公司,代佳文,月均消耗,533.4,532.2
2026-10-03,广东合力化工科技有限公司,杨东霖,月均消耗,276.9,276.0
2026-10-03,达威机械(北京)有限公司,杨东霖,月均消耗,1015.8,1012.8
2026-10-03,宁波图曼进出口有限公司,代佳文,月均消耗,2286.9,2278.2
2026-10-03,长钰模具（苏州）有限公司,冯丽钰,月均消耗,218.7,217.5
2026-10-03,山东经世智能科技有限公司,黄芊芊,月均消耗,2253.3,2214.6
2026-10-03,上海腾歌机械设备有限公司,代佳文,月均消耗,3968.1,3946.5
2026-10-03,杭州盛特祺户外科技有限公司,黄芊芊,月均消耗,1827.6,1820.1
2026-10-03,上海岚玥新材料科技有限公司,冯丽钰,月均消耗,501.6,500.7
2026-10-03,嘉兴迈拓不锈钢有限公司,代佳文,月均消耗,5237.4,5222.7
2026-10-03,宁波创思佳进出口有限公司,代佳文,月均消耗,497.4,496.2
2026-10-03,上海甄知科技有限公司,朱启银,月均消耗,4052.4,4035.9
2026-10-03,义乌市诗然服饰有限公司,黄芊芊,月均消耗,5317.5,5273.7
2026-10-03,无锡派瑞得新能源科技有限公司,段子烽,月均消耗,1423.2,1420.5
2026-10-03,天晟重工(浙江)有限公司,代佳文,月均消耗,6333.9,6314.4
2026-10-03,上海润督光电科技有限公司,黄芊芊,月均消耗,1301.1,1295.1
2026-10-03,上海嘉兰空间设计装饰有限公司,倪志贤,月均消耗,837.6,833.4
2026-10-03,昆山开思拓空调技术有限公司,段子烽,月均消耗,1166.7,1164.3
2026-10-03,亚睿特（福建）新材料科技有限公司,杨东霖,月均消耗,1304.4,1302.6
2026-10-03,温州领宇进出口有限公司,代佳文,月均消耗,2120.1,2108.7
2026-10-03,青岛雷达工贸有限公司,杨东霖,月均消耗,13101.3,13047.0
2026-10-03,杭州伯柯曼生物科技有限公司,黄芊芊,月均消耗,352.8,351.6
2026-10-03,济南景宏机械科技有限公司,杨东霖,月均消耗,1801.5,1798.2
2026-10-03,慈溪微虎,代佳文,月均消耗,123.3,123.0
2026-10-03,杭州科林爱尔气源设备有限公司,黄芊芊,月均消耗,481.2,479.4
2026-10-03,上海斯年金属材料有限公司,倪志贤,月均消耗,609.0,606.0
2026-10-03,上海恩稳特实业有限公司,朱启银,月均消耗,1221.0,1218.9
2026-10-03,上海派勒环保科技有限公司,冯丽钰,月均消耗,916.8,915.3
2026-10-03,三聚元制造服务有限公司,杨东霖,月均消耗,1142.7,1140.3
2026-10-03,思嘉环保材料科技（上海）有限公司,代佳文,月均消耗,1704.0,1694.4
2026-10-03,余姚市泽达塑业有限公司,黄芊芊,月均消耗,2809.2,2794.5
2026-10-03,上海凯科阀门制造有限公司,代佳文,月均消耗,14094.6,13703.1
2026-10-03,上海晓隆国际贸易有限公司,冯丽钰,月均消耗,1332.3,1329.9
2026-10-03,杭州辰全科技有限公司,黄芊芊,月均消耗,1115.4,1109.4
2026-10-03,官渡区煜花槿花卉经营部,杨东霖,月均消耗,1670.4,1660.5
2026-10-03,博路威机械江苏有限公司,段子烽,月均消耗,450.9,450.0
2026-10-03,义乌市久玖饰品有限公司,黄芊芊,月均消耗,621.6,620.4
2026-10-03,江苏淼泓环保新材料科技有限公司,段子烽,月均消耗,1331.4,1327.2
2026-10-03,浙江超捷医疗器械有限公司,黄芊芊,月均消耗,563.7,562.8
2026-10-03,芸芸物联科技（苏州）有限公司,杨东霖,月均消耗,1588.5,1585.5
2026-10-03,青岛海诺铸业有限公司,杨东霖,月均消耗,3084.0,3078.9
2026-10-03,上海蓝硕工程科技有限公司,倪志贤,月均消耗,1329.3,1323.3
2026-10-03,烟台缘聚装备科技有限公司,黄芊芊,月均消耗,1440.9,1397.4
2026-10-03,杭州阿利亚进出口有限公司,黄芊芊,月均消耗,717.6,716.7
2026-10-03,贵州潮艺乐器制造有限公司,杨东霖,月均消耗,905.1,903.6
2026-10-03,玉环市易利鸿机械厂,黄芊芊,月均消耗,1094.7,1092.9
2026-10-03,上海织遇织品有限公司,朱启银,月均消耗,358.2,357.3
2026-10-03,上海普田然生物科技有限公司,朱启银,月均消耗,529.2,528.0
2026-10-03,佛山市看尚电器有限公司,杨东霖,月均消耗,1622.7,1615.5
2026-10-03,裳云（广州）时尚科技有限公司,杨东霖,月均消耗,25.2,24.9
2026-10-03,华兮展示道具(上海)有限公司,倪志贤,月均消耗,1889.4,1883.4
2026-10-03,上海铭澜化工有限公司,杨东霖,月均消耗,2309.7,2300.1
2026-10-03,上海禹佳精密设备有限公司,朱启银,月均消耗,2452.5,2447.4
2026-10-03,上海乐萌贸易有限公司,朱启银,月均消耗,715.8,714.3
2026-10-03,广东蓝亚钛业科技有限公司,杨东霖,月均消耗,454.5,453.6
2026-10-03,上海瑞麓实业有限公司,冯丽钰,月均消耗,856.5,855.0
2026-10-03,上海彪迪电业有限公司,倪志贤,月均消耗,1149.3,1141.8
2026-10-03,宁波欧科瑞连接器有限公司,黄芊芊,月均消耗,7708.2,7524.6
2026-10-03,上海皇晶生物科技有限公司,冯丽钰,月均消耗,1051.2,1049.7
2026-10-03,上海涵普实业集团有限公司,冯丽钰,月均消耗,6678.3,6637.2
2026-10-03,上海朝瑞化工有限公司,倪志贤,月均消耗,5794.5,5732.1
2026-10-03,武汉沃隆云网通信技术股份有限公司,杨东霖,月均消耗,430.2,429.6
2026-10-03,锦丰制业有限公司,段子烽,月均消耗,1236.3,1229.7
2026-10-03,上海锦楚印务技术有限公司,姜南雪,月均消耗,1118.7,1116.9
2026-10-03,亿百媒会展（上海）有限公司,朱启银,月均消耗,3237.3,3231.6
2026-10-03,上海佳泰化工有限公司,段子烽,月均消耗,844.5,836.4
2026-10-03,巨舸（上海）智能科技有限公司,姜南雪,月均消耗,1043.1,1041.6
2026-10-03,天津三十六科技有限公司,杨东霖,月均消耗,978.0,976.2
2026-10-03,江苏科维新智能科技有限公司,段子烽,月均消耗,1743.0,1740.0
2026-10-03,卓能精密工业（江苏）有限公司,段子烽,月均消耗,373.2,372.3
2026-10-03,扬州美连达户外用品有限公司,段子烽,月均消耗,848.7,846.6
2026-10-03,堡礁智能科技 (上海) 有限公司,倪志贤,月均消耗,2503.8,2491.2
2026-10-03,宁波瑞浦进出口有限公司,黄芊芊,月均消耗,180.0,179.1
2026-10-03,杭州金尔太化工有限公司,倪志贤,月均消耗,422.7,419.7
2026-10-03,银川早康枸杞销售公司,杨东霖,月均消耗,2582.7,2577.9
2026-10-03,1_东莞鸿涂服装材料,杨东霖,月均消耗,3021.9,3012.9
2026-10-03,无锡市菲络斯国际贸易有限公司,段子烽,月均消耗,635.7,624.9
2026-10-03,上海康拓光学设备有限公司,冯丽钰,月均消耗,1627.8,1625.7
2026-10-03,浙江龙卫户外用品科技有限公司,黄芊芊,月均消耗,1418.1,1416.0
2026-10-03,佛山市赛立新机械设备制造有限公司,杨东霖,月均消耗,1367.1,1365.0
2026-10-03,深圳科思明德医疗科技有限公司,杨东霖,月均消耗,358.2,357.6
2026-10-03,济南嘉亚经贸发展有限公司,杨东霖,月均消耗,847.5,845.7
2026-10-03,仁诚科技（深圳）有限公司,杨东霖,月均消耗,1938.3,1927.5
2026-10-03,宁波诺方特自动化有限公司,黄芊芊,月均消耗,2941.2,2915.4
2026-10-03,江苏应龙高压电机制造有限公司,段子烽,月均消耗,345.9,345.3
2026-10-03,上海海德威家具有限公司,冯丽钰,月均消耗,583.8,582.6
2026-10-03,山东绿沣肥料有限公司,杨东霖,月均消耗,575.1,572.7
2026-10-03,上海轩腾礼盒包装有限公司,冯丽钰,月均消耗,387.9,387.3
2026-10-03,台州市铭佳电器有限公司,倪志贤,月均消耗,730.2,724.5
2026-10-03,东莞市铭华源工艺制品有限公司,杨东霖,月均消耗,918.3,916.5
2026-10-03,上海天庚化工有限公司,姜南雪,月均消耗,59.1,58.8
2026-10-03,德库智能驱动浙江有限公司,代佳文,月均消耗,1295.1,1292.4
2026-10-03,安徽华艺包装科技有限公司,杨东霖,月均消耗,224.4,223.8
2026-10-03,亚威电气（成都）集团有限公司,杨东霖,月均消耗,2527.8,2519.7
2026-10-03,肇庆高峰机械科技有限公司,杨东霖,月均消耗,1634.4,1620.0
2026-10-03,常州慕天星河化学有限公司,段子烽,月均消耗,11243.7,10811.1
2026-10-03,广州鸣芽实业有限公司,姜南雪,月均消耗,982.5,980.4
2026-10-03,天美（上海）生态科技有限公司,朱启银,月均消耗,358.2,357.3
2026-10-03,上海构领阀门有限公司,冯丽钰,月均消耗,297.9,297.3
2026-10-03,上海乐萌进出口有限公司,朱启银,月均消耗,774.3,773.1
2026-10-03,上海迪凯标识科技有限公司,朱启银,月均消耗,1292.7,1290.3
2026-10-03,安徽冠润汽车转向系统有限公司,黄芊芊,月均消耗,1755.0,1746.3
2026-10-03,台州百斯威机械有限公司,代佳文,月均消耗,2268.3,2256.6
2026-10-03,上海力辰国际贸易有限公司,姜南雪,月均消耗,1144.5,1140.0
2026-10-03,上海诺尔欣健康科技有限公司,冯丽钰,月均消耗,585.0,584.4
2026-10-03,隆英（常州）特钢科技有限公司,段子烽,月均消耗,321.6,321.0
2026-10-03,湖北利锐特精密机电设备有限公司,杨东霖,月均消耗,740.7,739.5
2026-10-03,兴亚威-中东工程,姜南雪,月均消耗,802.8,801.0
2026-10-03,友点满(厦门)智能科技有限公司,杨东霖,月均消耗,1209.6,1204.8
2026-10-03,上海豪润家纺有限公司,冯丽钰,月均消耗,1391.4,1388.7
2026-10-03,浙江万宝龙胶粘制品有限公司,黄芊芊,月均消耗,2626.8,2616.9
2026-10-03,台州市嘉畅贸易有限公司,黄芊芊,月均消耗,418.8,417.0
2026-10-03,台州市火星机电有限公司,黄芊芊,月均消耗,902.4,900.9
2026-10-03,营口同发耐火材料有限公司,杨东霖,月均消耗,333.9,333.6
2026-10-03,浙江亿雄机电制造有限公司,黄芊芊,月均消耗,402.9,402.0
2026-10-03,无锡国联进出口有限公司(工业部件),段子烽,月均消耗,529.5,527.4
2026-10-03,浙江榕荫新材料科技股份有限公司,朱启银,月均消耗,4197.0,4148.4
2026-10-03,上海卓高环保科技有限公司,朱启银,月均消耗,355.5,354.9
2026-10-03,Xinsheng,倪志贤,月均消耗,439.8,438.6
2026-10-03,上海童恩美网络信息科技有限公司,朱启银,月均消耗,862.5,860.1
2026-10-03,杭州柏科泰生物科技有限公司/南京普诺基生物科技有限公司,李莉,月均消耗,730.2,725.7
2026-10-03,台州亿禾进出口有限公司,黄芊芊,月均消耗,1380.3,1371.9
2026-10-03,铭珏金属材料（上海）有限公司,姜南雪,月均消耗,5064.3,5022.3
2026-10-03,中捷国际贸易（南宁）有限公司,杨东霖,月均消耗,224.7,222.0
2026-10-03,杭州朗胜新材料有限公司,黄芊芊,月均消耗,243.6,240.6
2026-10-03,维搬诺工业设备（上海）有限公司,姜南雪,月均消耗,1589.1,1586.4
2026-10-03,无锡派瑞得新能源科技有限公司,段子烽,月均消耗,351.3,350.4
2026-10-03,上海南拂华贸易有限公司,朱启银,月均消耗,499.5,498.6
2026-10-03,上海康光进出口有限公司,冯丽钰,月均消耗,727.5,726.3
2026-10-03,东莞市爱波仕箱包有限公司,杨东霖,月均消耗,1602.3,1597.5
2026-10-03,上海沁格建筑材料有限公司,倪志贤,月均消耗,6405.0,6384.9
2026-10-03,温州科恩博进出口有限公司,黄芊芊,月均消耗,2928.0,2911.8
2026-10-03,荣喜宠物食品有限公司,杨东霖,月均消耗,520.2,519.3
2026-10-03,亿百媒会展（上海）有限公司,朱启银,月均消耗,552.0,551.1
2026-10-03,上海采嘉同铖电子科技有限公司,朱启银,月均消耗,712.2,710.7
2026-10-03,长沙景欣元智能科技有限公司-PCB,杨东霖,月均消耗,765.9,764.4
2026-10-03,亿瑞德04,杨东霖,月均消耗,473.1,471.9
2026-10-03,上海盛诺新创材料科技有限公司,冯丽钰,月均消耗,311.7,310.8
2026-10-03,宁波凯特机械有限公司,黄芊芊,月均消耗,148.2,147.9
2026-10-03,哈尔滨怡康药业有限公司,杨东霖,月均消耗,1627.8,1621.5
2026-10-03,苏州多伦木业有限公司,倪志贤,月均消耗,404.1,402.0
2026-10-03,上海乐纯生物技术股份有限公司,代佳文,月均消耗,631.5,618.3
2026-10-03,上海锦持汽车零部件再制造有限公司,倪志贤,月均消耗,1228.5,1223.4
2026-10-03,上海欧缇实业有限公司,朱启银,月均消耗,1100.1,1095.3
2026-10-03,无锡市大鸿液压气动成套有限公司,段子烽,月均消耗,313.2,311.7
2026-10-03,宁波广创汽车用品有限公司,黄芊芊,月均消耗,576.0,573.0
2026-10-03,大连森科进出口有限公司,杨东霖,月均消耗,1303.2,1301.1
2026-10-03,上海木蚁机器人科技有限公司,朱启银,月均消耗,829.8,828.3
2026-10-03,武汉威仕包装材料有限公司,杨东霖,月均消耗,670.8,668.7
2026-10-03,上海永冠众诚新材料科技（集团）股份有限公司,姜南雪,月均消耗,475.5,474.9
2026-10-03,青岛凯士隆机械科技有限公司,杨东霖,月均消耗,1191.0,1189.2
2026-10-03,上海扭列特实业有限公司,冯丽钰,月均消耗,390.9,390.3
2026-10-03,上海万移物流科技有限公司,冯丽钰,月均消耗,1945.5,1934.7
2026-10-03,海宁康铭照明电器有限公司,代佳文,月均消耗,1336.8,1333.8
2026-10-03,台州拓钢金属制品有限公司,黄芊芊,月均消耗,481.2,475.5
2026-10-03,深圳市德航智能技术有限公司,杨东霖,月均消耗,1229.7,1225.5
2026-10-03,上海蓝铸特种合金材料有限公司,代佳文,月均消耗,5376.0,5344.8
2026-10-03,上海翊科聚合物科技有限公司,冯丽钰,月均消耗,223.2,222.9
2026-10-03,⻘岛嘉⽲云创植保有限公司,杨东霖,月均消耗,281.4,280.2
2026-10-03,上海世音医疗科技集团有限公司,冯丽钰,月均消耗,1546.2,1542.9
2026-10-03,上海悦侠实业有限公司,朱启银,月均消耗,115.2,114.9
2026-10-03,嘉兴环源科技有限公司,黄芊芊,月均消耗,1129.8,1126.2
2026-10-03,苏州工业园区凯莎诺华家居用品有限公司,代佳文,月均消耗,748.8,746.4
2026-10-03,深圳市富晶玻璃制品有限公司 ,杨东霖,月均消耗,292.5,291.3
2026-10-03,常州市南方电机有限公司,段子烽,月均消耗,730.8,729.3
2026-10-03,瑞町,段子烽,月均消耗,5994.3,5979.6
2026-10-03,瑞冬（绍兴市）进出口有限公司,杨东霖,月均消耗,1439.1,1434.9
2026-10-03,上海诺伽生物科技有限公司,姜南雪,月均消耗,2895.6,2883.3
2026-10-03,山西中德塑钢型材有限责任公司,杨东霖,月均消耗,4363.8,4333.8
2026-10-03,上海旗特节能科技有限公司,朱启银,月均消耗,1665.9,1662.9
2026-10-03,上海盈屿港口机械设备有限公司,朱启银,月均消耗,590.4,588.9
2026-10-03,上海驰利电气科技有限公司,姜南雪,月均消耗,2079.0,2071.2
2026-10-03,商丘稳泰卷尺有限公司,杨东霖,月均消耗,916.8,911.4
2026-10-03,江苏苏云医疗器材有限公司,段子烽,月均消耗,759.0,758.1
2026-10-03,上海米莜凯自动化装备有限公司,冯丽钰,月均消耗,249.9,249.6
2026-10-03,舟山威尔曼机械科技有限公司,代佳文,月均消耗,201.3,200.7
2026-10-03,南京艾力特纺织品有限公司,段子烽,月均消耗,3961.8,3897.0
2026-10-03,深圳市星曼智能科技有限公司,杨东霖,月均消耗,2116.5,2112.3
2026-10-03,温州市成业眼镜有限公司,代佳文,月均消耗,181.5,181.2
2026-10-03,上海万移物流科技有限公司,冯丽钰,月均消耗,2895.6,2888.1
2026-10-03,慈溪市美德工贸有限公司,代佳文,月均消耗,1800.6,1793.7
2026-10-03,上海塔汇针织厂,倪志贤,月均消耗,3483.0,3466.5
2026-10-03,江苏天虹科技产业园有限公司,段子烽,月均消耗,1808.1,1797.3
2026-10-03,广东粤辰机械有限公司,杨东霖,月均消耗,2920.5,2899.8
2026-10-03,河南迅克新材料科技股份有限公司,代佳文,月均消耗,2013.9,1999.2
2026-10-03,上海呈新农业科技有限公司,段子烽,月均消耗,2949.9,2924.1
2026-10-03,山东蓝晶进出口有限公司,杨东霖,月均消耗,1483.5,1476.0
2026-10-03,上海澄桥国际贸易有限公司,冯丽钰,月均消耗,757.2,756.3
2026-10-03,上海百商国际商贸有限公司,朱启银,月均消耗,1582.2,1579.5
2026-10-03,杭州玖风时装有限公司,黄芊芊,月均消耗,1544.1,1526.1
2026-10-03,上海康赛制冷设备有限公司,冯丽钰,月均消耗,83.7,82.2
2026-10-03,上海通乐线缆有限公司,朱启银,月均消耗,434.1,433.5
2026-10-03,苏州亿倍智能清洁股份有限公司,段子烽,月均消耗,767.7,766.5
2026-10-03,上海沃克通用设备有限公司,冯丽钰,月均消耗,842.4,840.9
2026-10-03,上海华娇包装印刷材料有限公司,李莉,月均消耗,216.3,215.7
2026-10-03,杭州福辰进出口贸易有限公司,代佳文,月均消耗,433.5,432.3
2026-10-03,上海海顺新型药用包装材料股份有限公司,代佳文,月均消耗,12636.3,12450.3
2026-10-03,维钛智能科技有限公司,朱启银,月均消耗,28.2,27.9
2026-10-03,上海赫力思特化工有限公司,姜南雪,月均消耗,1536.9,1533.9
2026-10-03,深圳市欧力泰电子科技有限公司,杨东霖,月均消耗,1102.2,1100.7
2026-10-03,上海英格尔认证有限公司,姜南雪,月均消耗,254.7,254.1
2026-10-03,上海联宠智能科技有限公司,冯丽钰,月均消耗,825.3,822.0
2026-10-03,江苏不懒人纺织品有限公司,段子烽,月均消耗,557.4,553.5
2026-10-03,上海循欧国际贸易有限公司,倪志贤,月均消耗,96.0,95.4
2026-10-03,上海润度生物科技有限公司,冯丽钰,月均消耗,129.0,128.7
2026-10-03,维业新材料科技（嘉兴）有限公司,黄芊芊,月均消耗,1567.8,1563.3
2026-10-03,烟台华东漆包线有限公司,杨东霖,月均消耗,1238.4,1234.5
2026-10-03,奇贝玩具公司,李莉,月均消耗,1303.2,1300.8
2026-10-03,广州市优一游艺设备有限公司,杨东霖,月均消耗,882.6,880.8
2026-10-03,金华蓝翔进出口有限公司,黄芊芊,月均消耗,2011.5,2007.6
2026-10-03,张家港市安达机械有限公司,段子烽,月均消耗,352.5,351.3
2026-10-03,深圳市昂诺旺科技有限公司,杨东霖,月均消耗,1953.9,1943.4
2026-10-03,宁波市海曙协成医疗器械有限公司,黄芊芊,月均消耗,849.9,844.8
2026-10-03,浙江爱吉仁科技股份有限公司,黄芊芊,月均消耗,3492.6,3467.4
2026-10-03,海赢印务科技（上海）有限公司,倪志贤,月均消耗,2171.7,2153.7
2026-10-03,上海天阳钢管有限公司,李莉,月均消耗,296.4,295.8
2026-10-03,温州栎炣贸易有限公司,黄芊芊,月均消耗,933.9,932.1
2026-10-03,伟成能源科技（无锡）有限公司,姜南雪,月均消耗,1211.7,1203.6
2026-10-03,杭州百化康明医药科技有限公司,黄芊芊,月均消耗,3708.0,3662.7
2026-10-03,山东华博电气有限公司,杨东霖,月均消耗,176.4,176.1
2026-10-03,上海东音乐器有限公司,冯丽钰,月均消耗,1478.1,1476.3
2026-10-03,宁波德务汽配科技有限公司,代佳文,月均消耗,1104.9,1102.2
2026-10-03,慈溪微虎电器科技有限公司,代佳文,月均消耗,897.0,895.5
2026-10-03,杭州多立科科技有限公司,代佳文,月均消耗,142.8,142.5
2026-10-03,无锡国联进出口有限公司(花艺资材),段子烽,月均消耗,532.8,530.7
2026-10-03,安徽美乐柯制冷空调设备有限公司,冯丽钰,月均消耗,1656.0,1649.4
2026-10-03,宁波露途休闲用品有限公司,代佳文,月均消耗,1130.4,1126.2
2026-10-03,天津磐华能源环境科技有限公司,杨东霖,月均消耗,716.7,708.9
2026-10-03,浙江港莎针织品有限公司,黄芊芊,月均消耗,107.4,103.2
2026-10-03,上海众和天工医疗器械有限公司,朱启银,月均消耗,465.0,464.4
2026-10-03,广东省汕头市澄海区嘉信玩具塑料厂,杨东霖,月均消耗,1170.6,1168.8
2026-10-03,浩宇经贸（山西）有限公司,杨东霖,月均消耗,1566.6,1563.9
2026-10-03,上海三帆实业有限公司,朱启银,月均消耗,1730.4,1727.4
2026-10-03,广东臻慕文化创意设计有限公司,杨东霖,月均消耗,234.0,233.7
2026-10-03,兴亚威-户用变电,姜南雪,月均消耗,19.8,19.5
2026-10-03,亿瑞德02,杨东霖,月均消耗,260.1,259.5
2026-10-03,金华铂隆工贸有限公司,黄芊芊,月均消耗,293.7,292.2
2026-10-03,山丹县锋平商贸有限责任公司,杨东霖,月均消耗,82.5,81.9
2026-10-03,苏州汇源塑胶制品有限公司,倪志贤,月均消耗,1654.5,1643.4
2026-10-03,上海全马电子科技有限公司,倪志贤,月均消耗,2010.6,1999.8
2026-10-03,杭州卓瑞进出口有限公司,代佳文,月均消耗,279.0,278.4
2026-10-03,义乌晟音进出口有限公司,代佳文,月均消耗,997.5,995.4
2026-10-03,亿瑞德03,杨东霖,月均消耗,337.8,337.2
2026-10-03,领航石油化工（天津）有限公司,杨东霖,月均消耗,1253.1,1248.3
2026-10-03,杭州弗莱普特材料科技有限公司,黄芊芊,月均消耗,272.7,271.5
2026-10-03,上海新龙塑料制造有限公司,倪志贤,月均消耗,174.3,172.8
2026-10-03,佛山市顺德区德粘堡实业有限公司,杨东霖,月均消耗,716.7,715.5
2026-10-03,乐卓博威液压科技(上海)有限公司,倪志贤,月均消耗,1152.9,1140.6
2026-10-03,上海冲腾实业有限公司,倪志贤,月均消耗,764.4,756.3
2026-10-03,希诺化工品,杨东霖,月均消耗,1692.3,1688.4
2026-10-03,宁波瑞浦进出口有限公司 ,黄芊芊,月均消耗,358.2,356.4
2026-10-03,南京格智智能科技有限公司,段子烽,月均消耗,190.8,189.0
2026-10-03,上海盈之天贸易有限公司,姜南雪,月均消耗,193.2,192.9
2026-10-03,上海雄奇密封件有限公司,姜南雪,月均消耗,1401.6,1399.2
2026-10-03,上海鄂炬医药科技有限公司,冯丽钰,月均消耗,607.2,606.0
2026-10-03,陕西臻远进出口有限公司,朱启银,月均消耗,7693.8,7144.2
2026-10-03,余姚舜邦经贸有限公司,代佳文,月均消耗,280.2,279.3
2026-10-03,浙江中建路桥设备有限公司,黄芊芊,月均消耗,1267.8,1260.9
2026-10-03,上海邦渥贸易有限公司,倪志贤,月均消耗,172.5,171.9
2026-10-03,斯贝维龙（深圳）科技有限公司,杨东霖,月均消耗,14461.5,14235.6
2026-10-03,开平市龙胜镇利东五金橡胶制品厂,杨东霖,月均消耗,202.2,201.6
2026-10-03,奕偲恺贸易服务（上海）有限公司,冯丽钰,月均消耗,303.9,303.3
2026-10-03,上海今力特种绳带有限公司,冯丽钰,月均消耗,277.5,277.2
2026-10-03,上海迪铬工程机械有限公司,冯丽钰,月均消耗,696.3,695.1
2026-10-03,上海天庚化工有限公司,姜南雪,月均消耗,257.7,257.1
2026-10-03,小鹿,倪志贤,月均消耗,1000.5,998.4
2026-10-03,江苏顺浩安防科技有限公司,段子烽,月均消耗,3699.3,3686.1
2026-10-03,瑞安市荣凯汽车电器有限公司,冯丽钰,月均消耗,929.7,926.1
2026-10-03,苏州欣美业国际贸易有限公司,段子烽,月均消耗,360.0,358.5
2026-10-03,北京正音乐器进出口有限公司,杨东霖,月均消耗,3707.4,3690.0
2026-10-03,杭州亚蕴申科技有限公司,黄芊芊,月均消耗,138.0,137.4
2026-10-03,上海莱威德科技有限公司,倪志贤,月均消耗,529.8,526.8
2026-10-03,爱优特MESP,冯丽钰,月均消耗,3216.6,3212.1
2026-10-03,深圳云耒科技有限公司,杨东霖,月均消耗,627.3,626.1
2026-10-03,青岛富信木业有限公司,姜南雪,月均消耗,3403.5,3094.2
2026-10-03,上海冠华不锈钢制品股份有限公司,冯丽钰,月均消耗,633.6,632.7
2026-10-03,浙江弥格科技有限公司,代佳文,月均消耗,355.8,354.9
2026-10-03,上海迈可进出口有限公司,冯丽钰,月均消耗,3510.9,3493.8
2026-10-03,连云港长通硅微粉有限公司,段子烽,月均消耗,85.8,85.5
2026-10-03,上海德拉沃门窗有限公司,倪志贤,月均消耗,4492.2,4467.9
2026-10-03,上海迈可新材料科技有限公司,冯丽钰,月均消耗,495.6,492.3
2026-10-03,南通明诺电动科技股份有限公司,段子烽,月均消耗,24.9,24.6
2026-10-03,甘源食品股份有限公司,杨东霖,月均消耗,1144.8,1142.7
2026-10-03,上海鸿域贸易有限公司,朱启银,月均消耗,583.5,582.6
2026-10-03,浙江德彦电气有限公司,代佳文,月均消耗,1442.4,1438.5
2026-10-03,广州迈斯宝新能源科技有限公司,杨东霖,月均消耗,275.7,274.5
2026-10-03,浙江耀特汽车零部件有限公司,代佳文,月均消耗,336.0,334.5
2026-10-03,宁波市鄞州海之道船舶用品有限公司,黄芊芊,月均消耗,132.6,132.0
2026-10-03,温州康晶光学有限公司,黄芊芊,月均消耗,770.4,768.9
2026-10-03,苏州工业园区拓朴环保净化有限公司,段子烽,月均消耗,656.4,654.0
2026-10-03,江苏阿姆德光电科技有限公司,姜南雪,月均消耗,2942.4,2934.6
2026-10-03,上海识衣贸易有限公司,冯丽钰,月均消耗,827.1,825.6
2026-10-03,上海萘伏新能源汽车有限公司,朱启银,月均消耗,164.7,164.4
2026-10-03,上海亿博机电设备有限公司,冯丽钰,月均消耗,815.1,813.3
2026-10-03,威海市林德工业控制技术有限公司,杨东霖,月均消耗,235.2,234.3
2026-10-03,大丰恒卫针织品有限公司,段子烽,月均消耗,1422.9,1417.8
2026-10-03,上海广平印刷设备有限公司,冯丽钰,月均消耗,1665.3,1662.6
2026-10-03,瑞安唯特机械有限公司/上海远一国际贸易有限公司,代佳文,月均消耗,270.6,268.5
2026-10-03,上海星邦派纸制品包装有限公司,冯丽钰,月均消耗,1374.9,1372.5
2026-10-03,上海鸣鸿国际贸易有限公司,姜南雪,月均消耗,4726.2,4655.4
2026-10-03,上海康营机械有限公司,冯丽钰,月均消耗,975.3,974.1
2026-10-03,桃江想念创意工艺品有限公司,黄芊芊,月均消耗,530.1,529.2
2026-10-03,广东简彩纸业科技有限公司,杨东霖,月均消耗,166.5,166.2
2026-10-03,苏州易泰勒电子科技有限公司,段子烽,月均消耗,277.8,277.2
2026-10-03,上海汉尔得自动化科技有限公司,倪志贤,月均消耗,6522.6,6487.2
2026-10-03,上海沿序实业有限公司,朱启银,月均消耗,1603.2,1596.3
2026-10-03,思敏特风机技术（苏州）有限公司,朱启银,月均消耗,920.7,919.2
2026-10-03,杭州恒化化工有限公司,黄芊芊,月均消耗,331.2,329.4
2026-10-03,三泰（无锡）制冷设备有限责任公司,黄芊芊,月均消耗,509.4,499.5
2026-10-03,桐城市大富豪制刷有限公司,倪志贤,月均消耗,2475.6,2250.6
2026-10-03,上海拓生实业有限公司,倪志贤,月均消耗,2604.9,2344.5
2026-10-03,宁波威锋紧固件,代佳文,月均消耗,7606.5,7589.1
2026-10-03,阿帕狮龙电梯科技（苏州）有限公司,倪志贤,月均消耗,252.0,250.2
2026-10-03,上海同沐流体科技有限公司,冯丽钰,月均消耗,233.4,233.1
2026-10-03,宁波威埃司国际贸易船务有限公司,黄芊芊,月均消耗,56.7,56.4
2026-10-03,宁波泰一健康产业股份有限公司,黄芊芊,月均消耗,2298.6,2260.5
2026-10-03,上海外利玻璃有限公司,姜南雪,月均消耗,1281.0,1279.2
2026-10-03,上海达瑞宝食品机械有限公司,冯丽钰,月均消耗,133.8,133.2
2026-10-03,浙江科力印业新技术发展有限公司,黄芊芊,月均消耗,1028.7,1027.2
2026-10-03,深圳市硕宇科技有限公司,杨东霖,月均消耗,2164.8,2150.1
2026-10-03,博蓝特（重庆）动力机械有限公司,朱启银,月均消耗,252.0,229.2
2026-10-03,南通景达手套有限公司,段子烽,月均消耗,122.4,122.1
2026-10-03,台州市增辉车业有限公司,代佳文,月均消耗,1101.0,1098.3
2026-10-03,杭州三星工艺玻璃有限公司,代佳文,月均消耗,2278.8,2256.6
2026-10-03,慈溪维利亚时装有限公司,李莉,月均消耗,3232.5,2983.8
2026-10-03,浙江亿通照明科技有限公司,黄芊芊,月均消耗,678.9,676.5
2026-10-03,天美（上海）生态科技有限公司,朱启银,月均消耗,1538.7,1536.9
2026-10-03,上海五同同步带有限公司,冯丽钰,月均消耗,1132.8,1126.2
2026-10-03,知行（上海）工贸有限公司,冯丽钰,月均消耗,1529.7,1519.8
2026-10-03,杭州鸿成科技有限公司,代佳文,月均消耗,5044.2,5018.1
2026-10-03,上海鼎羿流体技术有限公司,冯丽钰,月均消耗,232.5,232.2
2026-10-03,常州市南方电机有限公司,段子烽,月均消耗,932.1,930.6
2026-10-03,长沙景欣元智能科技有限公司-Edizard,杨东霖,月均消耗,71.4,71.1
2026-10-03,上海东闻新材料科技有限公司,段子烽,月均消耗,11286.3,11141.4
2026-10-03,唐德（宁波）电声科技有限公司,黄芊芊,月均消耗,185.1,184.5
2026-10-03,缘循智能科技（上海）有限公司,李莉,月均消耗,879.9,878.7
2026-10-03,2_东莞鸿涂服装材料(环辰亚希),杨东霖,月均消耗,585.9,584.1
2026-10-03,上海神永进出口有限公司,冯丽钰,月均消耗,1889.1,1883.1
2026-10-03,宁波绿森林电子科技有限公司,代佳文,月均消耗,1473.3,1465.5
2026-10-03,上海英同电气有限公司,姜南雪,月均消耗,6118.2,6094.8
2026-10-03,本初子午（无锡）科技有限公司 ,段子烽,月均消耗,437.7,435.9
2026-10-03,保定文芳箱包制造有限公司,杨东霖,月均消耗,2360.4,2352.6
2026-10-03,苏州正和铝业有限公司,段子烽,月均消耗,1431.6,1429.2
2026-10-03,江苏新聚源环保科技有限公司,段子烽,月均消耗,505.2,503.4
2026-10-03,上海滤威过滤系统有限公司-2,倪志贤,月均消耗,18.0,17.7
2026-10-03,上海力魄实业有限公司,姜南雪,月均消耗,291.0,289.8
2026-10-03,上海领技实业有限公司,姜南雪,月均消耗,3435.3,3422.4
2026-10-03,西安瑞仁生物技术有限公司,杨东霖,月均消耗,3193.2,3180.3
2026-10-03,惠州市先靖智慧科技有限公司,杨东霖,月均消耗,18305.4,18114.6
2026-10-03,苏州中磐激光科技有限公司,段子烽,月均消耗,555.6,554.4
2026-10-03,上海米斯莫国际贸易有限公司,倪志贤,月均消耗,19.2,18.9
2026-10-03,斯贝维龙(深圳)科技有限公司,杨东霖,月均消耗,1093.5,1089.3
2026-10-03,日桥精密薄膜(上海)有限公司,朱启银,月均消耗,7992.9,7861.8
2026-10-03,上海新沃商贸有限公司,冯丽钰,月均消耗,402.0,400.8
2026-10-03,华筑（烟台）信息科技有限公司,代佳文,月均消耗,10820.1,10459.5
2026-10-03,上海零迈防护电器有限公司,冯丽钰,月均消耗,234.9,234.3
2026-10-03,上海同致汽车配件有限公司,朱启银,月均消耗,1499.4,1492.5
2026-10-03,仲元国际贸易（上海）有限公司,倪志贤,月均消耗,963.9,957.6
2026-10-03,合肥远传包装科技有限公司/安徽远传包装科技有限公司,杨东霖,月均消耗,1303.8,1292.4
2026-10-03,安徽艾尼尔国际贸易有限公司,姜南雪,月均消耗,133.5,121.5
2026-10-03,东莞市杰创实业有限公司,杨东霖,月均消耗,753.6,752.1
2026-10-03,嘉兴海发进出口有限公司,黄芊芊,月均消耗,210.9,210.3
2026-10-03,慈溪市盖特电器有限公司,黄芊芊,月均消耗,1007.4,1002.0
2026-10-03,希镭光安全技术（东莞）有限公司,杨东霖,月均消耗,1430.1,1422.6
2026-10-03,海宁市远志贸易有限公司,代佳文,月均消耗,1805.7,1801.2
2026-10-03,广州雅语电子科技有限公司,杨东霖,月均消耗,133.2,132.6
2026-10-03,上海恳大实业有限公司,冯丽钰,月均消耗,2068.5,2064.9
2026-10-03,江门市皇宙实业有限公司,杨东霖,月均消耗,3170.1,3151.5
2026-10-03,上海咏俐贸易有限公司,朱启银,月均消耗,12933.9,12911.7
2026-10-03,苏州桑田医疗科技有限公司,段子烽,月均消耗,2618.7,2609.7
2026-10-03,欧拉姆阀门科技有限公司,黄芊芊,月均消耗,44.4,44.1
2026-10-03,山东英派瑞延汽车科技有限责任公司,杨东霖,月均消耗,130.8,130.2
2026-10-03,湖州明星电梯有限公司,黄芊芊,月均消耗,312.6,311.1
2026-10-03,保定典纶箱包辅料制造有限公司,杨东霖,月均消耗,179.7,178.8
2026-10-03,瑞冬（绍兴市）进出口有限公司,杨东霖,月均消耗,834.3,831.9
2026-10-03,金华凯福健康科技有限公司,黄芊芊,月均消耗,909.3,905.4
2026-10-03,金胄商贸,倪志贤,月均消耗,82.2,81.6
2026-10-03,杭州卓留美贸易有限公司,姜南雪,月均消耗,843.0,838.2
2026-10-03,上海迈盾国际贸易有限公司,姜南雪,月均消耗,74.1,73.8
2026-10-03,江苏瑞升华能源科技有限公司,冯丽钰,月均消耗,3710.4,3687.0
2026-10-03,上海滤威过滤系统有限公司,倪志贤,月均消耗,1206.6,1203.3
2026-10-03,易尔拓工具(上海)有限公司,姜南雪,月均消耗,41305.2,40628.1
2026-10-03,南京瑞科翻译有限公司,姜南雪,月均消耗,2600.1,2584.8
